{"cameraMode":{"drawMode":0,"name":"Shaded","section":"Shading Mode"},"sceneLighting":true,"audioPlay":false,"sceneViewState":{"showFog":false,"showMaterialUpdate":false,"showSkybox":false,"showFlares":false,"showImageEffects":false,"showParticleSystems":true},"in2DMode":false,"pivot":{"x":92.6113052368164,"y":-44.61848068237305,"z":-72.3951187133789},"rotation":{"x":0.08225104212760925,"y":0.8707490563392639,"z":-0.15603426098823548,"w":0.4590034484863281},"size":138.3892364501953,"orthographic":false}